{"cameraMode":{"drawMode":0,"name":"Shaded","section":"Shading Mode"},"sceneLighting":true,"audioPlay":false,"sceneViewState":{"m_AlwaysRefresh":false,"showFog":true,"showSkybox":true,"showFlares":true,"showImageEffects":true,"showParticleSystems":true,"showVisualEffectGraphs":true,"m_FxEnabled":true},"in2DMode":false,"pivot":{"x":-80.86495208740235,"y":-289.62213134765627,"z":362.7315673828125},"rotation":{"x":0.32483214139938357,"y":-0.10438424348831177,"z":0.03608780726790428,"w":0.9391394853591919},"size":243.70242309570313,"orthographic":false}